run_id,batch_size,stage,record_count,late_count,provenance,n,median_ms,q1_ms,q3_ms,p95_ms,ci_low_ms,ci_high_ms,median_records_s,panel,dataset,latency_ms,ecdf,q1_records_s,q3_records_s,strategy,bytes,assumption,anchor_version
python-20260723T020649Z,16,merkle_build,16.0,1.0,measured,200.0,0.0171009999999999,0.0155562499999999,0.021627,0.0300304999999999,0.016675,0.017577,935619.7996977032,a,stage_summary,,,,,,,,
python-20260723T020649Z,16,sign_batch,16.0,1.0,measured,200.0,0.6056065,0.585301,0.65517725,0.76983055,0.600854,0.6109852625000001,26419.79791113835,a,stage_summary,,,,,,,,
python-20260723T020649Z,16,signature_admission_batch,16.0,1.0,measured,200.0,1.887785,1.84591275,2.0763255,2.3923814,1.872517,1.9043695,8475.543143595802,a,stage_summary,,,,,,,,
python-20260723T020649Z,16,verify_batch,16.0,1.0,measured,200.0,1.7875455,1.7554305,1.995951,2.2404196,1.775292,1.809573,8950.821390801178,a,stage_summary,,,,,,,,
python-20260723T020649Z,64,merkle_build,64.0,2.0,measured,200.0,0.055633,0.0529614999999999,0.0579709999999999,0.06775705,0.05513665,0.055974,1150396.38466074,a,stage_summary,,,,,,,,
python-20260723T020649Z,64,sign_batch,64.0,2.0,measured,200.0,2.351019,2.34436925,2.36334225,2.4304787,2.349066,2.3528215,27222.238529178863,a,stage_summary,,,,,,,,
python-20260723T020649Z,64,signature_admission_batch,64.0,2.0,measured,200.0,7.40428,7.39045975,7.44249975,7.667552949999999,7.4003145,7.411136137500001,8643.649349527597,a,stage_summary,,,,,,,,
python-20260723T020649Z,64,verify_batch,64.0,2.0,measured,200.0,7.018561500000001,7.00500825,7.05457275,7.2877662,7.01519325,7.024775,9118.677668826009,a,stage_summary,,,,,,,,
python-20260723T020649Z,256,merkle_build,256.0,8.0,measured,200.0,0.2160465,0.2075495,0.224414,0.2521560999999999,0.21478,0.2179495,1184930.9696145467,a,stage_summary,,,,,,,,
python-20260723T020649Z,256,sign_batch,256.0,8.0,measured,200.0,9.4187685,9.392194,9.4907665,10.65262155,9.410907,9.4378475,27179.774099752663,a,stage_summary,,,,,,,,
python-20260723T020649Z,256,signature_admission_batch,256.0,8.0,measured,200.0,29.7821075,29.66964575,30.04856925,33.03999755,29.737581,29.817811875,8595.765093473517,a,stage_summary,,,,,,,,
python-20260723T020649Z,256,verify_batch,256.0,8.0,measured,200.0,28.2429115,28.15318325,28.45657475,30.90020085,28.2162446375,28.270828,9064.221352726549,a,stage_summary,,,,,,,,
python-20260723T020649Z,1024,merkle_build,1024.0,32.0,measured,200.0,0.842354,0.82945475,0.868723,1.17529705,0.836931,0.848753,1215640.943937458,a,stage_summary,,,,,,,,
python-20260723T020649Z,1024,sign_batch,1024.0,32.0,measured,200.0,37.9115825,37.72626425,38.779874250000006,44.1095024,37.863106875,37.974306,27010.21518109939,a,stage_summary,,,,,,,,
python-20260723T020649Z,1024,signature_admission_batch,1024.0,32.0,measured,200.0,119.7092445,119.244328,124.497695,134.1614181,119.550193,119.85339,8554.059517901707,a,stage_summary,,,,,,,,
python-20260723T020649Z,1024,verify_batch,1024.0,32.0,measured,200.0,113.5192015,113.074855,116.3807105,126.9115511,113.3411915,113.735123,9020.500378246132,a,stage_summary,,,,,,,,
python-20260723T020649Z,2048,merkle_build,2048.0,64.0,measured,200.0,1.6741865,1.64668825,1.71235875,2.1354023499999992,1.665217375,1.6832827625,1223280.683090798,a,stage_summary,,,,,,,,
python-20260723T020649Z,2048,sign_batch,2048.0,64.0,measured,200.0,75.81934949999999,75.44847775,77.14585325,84.58564335,75.71045000000001,75.9370695,27011.574442978177,a,stage_summary,,,,,,,,
python-20260723T020649Z,2048,signature_admission_batch,2048.0,64.0,measured,200.0,239.4985145,238.31189025,243.96325925,264.9727032,238.947018,239.90951,8551.201413229803,a,stage_summary,,,,,,,,
python-20260723T020649Z,2048,verify_batch,2048.0,64.0,measured,200.0,226.962345,225.7691715,231.99284325,248.78643115,226.601994,227.5214323875,9023.523271433069,a,stage_summary,,,,,,,,
python-20260723T020649Z,4096,merkle_build,4096.0,128.0,measured,200.0,3.3313635,3.3098965,3.394297,3.98121825,3.323998,3.341944,1229526.629355956,a,stage_summary,,,,,,,,
python-20260723T020649Z,4096,sign_batch,4096.0,128.0,measured,200.0,151.4544095,150.881659,153.39637475,167.20478235,151.308813,151.7558635,27044.442213642255,a,stage_summary,,,,,,,,
python-20260723T020649Z,4096,signature_admission_batch,4096.0,128.0,measured,200.0,479.250198,477.2137545,486.16285925,527.5926085,478.513784,479.9417095,8546.68400329828,a,stage_summary,,,,,,,,
python-20260723T020649Z,4096,verify_batch,4096.0,128.0,measured,200.0,453.9405945,452.3657675,458.744542,497.60774335,453.3080125,454.5475425,9023.207184356355,a,stage_summary,,,,,,,,
,4096,sign_batch,,,,200.0,,,,,,,,b,latency_ecdf,149.907672,0.005,,,,,,
,4096,sign_batch,,,,200.0,,,,,,,,b,latency_ecdf,149.989665,0.01,,,,,,
,4096,sign_batch,,,,200.0,,,,,,,,b,latency_ecdf,150.032949,0.015,,,,,,
,4096,sign_batch,,,,200.0,,,,,,,,b,latency_ecdf,150.079608,0.02,,,,,,
,4096,sign_batch,,,,200.0,,,,,,,,b,latency_ecdf,150.091215,0.025,,,,,,
,4096,sign_batch,,,,200.0,,,,,,,,b,latency_ecdf,150.137144,0.03,,,,,,
,4096,sign_batch,,,,200.0,,,,,,,,b,latency_ecdf,150.157234,0.035,,,,,,
,4096,sign_batch,,,,200.0,,,,,,,,b,latency_ecdf,150.168431,0.04,,,,,,
,4096,sign_batch,,,,200.0,,,,,,,,b,latency_ecdf,150.191264,0.045,,,,,,
,4096,sign_batch,,,,200.0,,,,,,,,b,latency_ecdf,150.247839,0.05,,,,,,
,4096,sign_batch,,,,200.0,,,,,,,,b,latency_ecdf,150.282951,0.055,,,,,,
,4096,sign_batch,,,,200.0,,,,,,,,b,latency_ecdf,150.291393,0.06,,,,,,
,4096,sign_batch,,,,200.0,,,,,,,,b,latency_ecdf,150.303342,0.065,,,,,,
,4096,sign_batch,,,,200.0,,,,,,,,b,latency_ecdf,150.304573,0.07,,,,,,
,4096,sign_batch,,,,200.0,,,,,,,,b,latency_ecdf,150.305635,0.075,,,,,,
,4096,sign_batch,,,,200.0,,,,,,,,b,latency_ecdf,150.310392,0.08,,,,,,
,4096,sign_batch,,,,200.0,,,,,,,,b,latency_ecdf,150.392885,0.085,,,,,,
,4096,sign_batch,,,,200.0,,,,,,,,b,latency_ecdf,150.407176,0.09,,,,,,
,4096,sign_batch,,,,200.0,,,,,,,,b,latency_ecdf,150.422679,0.095,,,,,,
,4096,sign_batch,,,,200.0,,,,,,,,b,latency_ecdf,150.445062,0.1,,,,,,
,4096,sign_batch,,,,200.0,,,,,,,,b,latency_ecdf,150.453976,0.105,,,,,,
,4096,sign_batch,,,,200.0,,,,,,,,b,latency_ecdf,150.493644,0.11,,,,,,
,4096,sign_batch,,,,200.0,,,,,,,,b,latency_ecdf,150.496989,0.115,,,,,,
,4096,sign_batch,,,,200.0,,,,,,,,b,latency_ecdf,150.498021,0.12,,,,,,
,4096,sign_batch,,,,200.0,,,,,,,,b,latency_ecdf,150.508857,0.125,,,,,,
,4096,sign_batch,,,,200.0,,,,,,,,b,latency_ecdf,150.525321,0.13,,,,,,
,4096,sign_batch,,,,200.0,,,,,,,,b,latency_ecdf,150.545942,0.135,,,,,,
,4096,sign_batch,,,,200.0,,,,,,,,b,latency_ecdf,150.561465,0.14,,,,,,
,4096,sign_batch,,,,200.0,,,,,,,,b,latency_ecdf,150.588976,0.145,,,,,,
,4096,sign_batch,,,,200.0,,,,,,,,b,latency_ecdf,150.602206,0.15,,,,,,
,4096,sign_batch,,,,200.0,,,,,,,,b,latency_ecdf,150.608515,0.155,,,,,,
,4096,sign_batch,,,,200.0,,,,,,,,b,latency_ecdf,150.616197,0.16,,,,,,
,4096,sign_batch,,,,200.0,,,,,,,,b,latency_ecdf,150.619652,0.165,,,,,,
,4096,sign_batch,,,,200.0,,,,,,,,b,latency_ecdf,150.63866,0.17,,,,,,
,4096,sign_batch,,,,200.0,,,,,,,,b,latency_ecdf,150.650738,0.175,,,,,,
,4096,sign_batch,,,,200.0,,,,,,,,b,latency_ecdf,150.662947,0.18,,,,,,
,4096,sign_batch,,,,200.0,,,,,,,,b,latency_ecdf,150.674694,0.185,,,,,,
,4096,sign_batch,,,,200.0,,,,,,,,b,latency_ecdf,150.686221,0.19,,,,,,
,4096,sign_batch,,,,200.0,,,,,,,,b,latency_ecdf,150.717578,0.195,,,,,,
,4096,sign_batch,,,,200.0,,,,,,,,b,latency_ecdf,150.721995,0.2,,,,,,
,4096,sign_batch,,,,200.0,,,,,,,,b,latency_ecdf,150.763275,0.205,,,,,,
,4096,sign_batch,,,,200.0,,,,,,,,b,latency_ecdf,150.785489,0.21,,,,,,
,4096,sign_batch,,,,200.0,,,,,,,,b,latency_ecdf,150.796154,0.215,,,,,,
,4096,sign_batch,,,,200.0,,,,,,,,b,latency_ecdf,150.809384,0.22,,,,,,
,4096,sign_batch,,,,200.0,,,,,,,,b,latency_ecdf,150.815203,0.225,,,,,,
,4096,sign_batch,,,,200.0,,,,,,,,b,latency_ecdf,150.836655,0.23,,,,,,
,4096,sign_batch,,,,200.0,,,,,,,,b,latency_ecdf,150.86727,0.235,,,,,,
,4096,sign_batch,,,,200.0,,,,,,,,b,latency_ecdf,150.867701,0.24,,,,,,
,4096,sign_batch,,,,200.0,,,,,,,,b,latency_ecdf,150.868782,0.245,,,,,,
,4096,sign_batch,,,,200.0,,,,,,,,b,latency_ecdf,150.876274,0.25,,,,,,
,4096,sign_batch,,,,200.0,,,,,,,,b,latency_ecdf,150.883454,0.255,,,,,,
,4096,sign_batch,,,,200.0,,,,,,,,b,latency_ecdf,150.896424,0.26,,,,,,
,4096,sign_batch,,,,200.0,,,,,,,,b,latency_ecdf,150.921581,0.265,,,,,,
,4096,sign_batch,,,,200.0,,,,,,,,b,latency_ecdf,150.936003,0.27,,,,,,
,4096,sign_batch,,,,200.0,,,,,,,,b,latency_ecdf,150.938978,0.275,,,,,,
,4096,sign_batch,,,,200.0,,,,,,,,b,latency_ecdf,150.949182,0.28,,,,,,
,4096,sign_batch,,,,200.0,,,,,,,,b,latency_ecdf,150.950715,0.285,,,,,,
,4096,sign_batch,,,,200.0,,,,,,,,b,latency_ecdf,150.960099,0.29,,,,,,
,4096,sign_batch,,,,200.0,,,,,,,,b,latency_ecdf,150.961771,0.295,,,,,,
,4096,sign_batch,,,,200.0,,,,,,,,b,latency_ecdf,150.962953,0.3,,,,,,
,4096,sign_batch,,,,200.0,,,,,,,,b,latency_ecdf,150.964685,0.305,,,,,,
,4096,sign_batch,,,,200.0,,,,,,,,b,latency_ecdf,150.96736,0.31,,,,,,
,4096,sign_batch,,,,200.0,,,,,,,,b,latency_ecdf,150.968391,0.315,,,,,,
,4096,sign_batch,,,,200.0,,,,,,,,b,latency_ecdf,150.971225,0.32,,,,,,
,4096,sign_batch,,,,200.0,,,,,,,,b,latency_ecdf,151.025276,0.325,,,,,,
,4096,sign_batch,,,,200.0,,,,,,,,b,latency_ecdf,151.03457,0.33,,,,,,
,4096,sign_batch,,,,200.0,,,,,,,,b,latency_ecdf,151.047428,0.335,,,,,,
,4096,sign_batch,,,,200.0,,,,,,,,b,latency_ecdf,151.058685,0.34,,,,,,
,4096,sign_batch,,,,200.0,,,,,,,,b,latency_ecdf,151.060399,0.345,,,,,,
,4096,sign_batch,,,,200.0,,,,,,,,b,latency_ecdf,151.074119,0.35,,,,,,
,4096,sign_batch,,,,200.0,,,,,,,,b,latency_ecdf,151.086186,0.355,,,,,,
,4096,sign_batch,,,,200.0,,,,,,,,b,latency_ecdf,151.092406,0.36,,,,,,
,4096,sign_batch,,,,200.0,,,,,,,,b,latency_ecdf,151.102351,0.365,,,,,,
,4096,sign_batch,,,,200.0,,,,,,,,b,latency_ecdf,151.110843,0.37,,,,,,
,4096,sign_batch,,,,200.0,,,,,,,,b,latency_ecdf,151.113157,0.375,,,,,,
,4096,sign_batch,,,,200.0,,,,,,,,b,latency_ecdf,151.114929,0.38,,,,,,
,4096,sign_batch,,,,200.0,,,,,,,,b,latency_ecdf,151.125034,0.385,,,,,,
,4096,sign_batch,,,,200.0,,,,,,,,b,latency_ecdf,151.147938,0.39,,,,,,
,4096,sign_batch,,,,200.0,,,,,,,,b,latency_ecdf,151.166485,0.395,,,,,,
,4096,sign_batch,,,,200.0,,,,,,,,b,latency_ecdf,151.226065,0.4,,,,,,
,4096,sign_batch,,,,200.0,,,,,,,,b,latency_ecdf,151.231333,0.405,,,,,,
,4096,sign_batch,,,,200.0,,,,,,,,b,latency_ecdf,151.272564,0.41,,,,,,
,4096,sign_batch,,,,200.0,,,,,,,,b,latency_ecdf,151.288588,0.415,,,,,,
,4096,sign_batch,,,,200.0,,,,,,,,b,latency_ecdf,151.291041,0.42,,,,,,
,4096,sign_batch,,,,200.0,,,,,,,,b,latency_ecdf,151.294287,0.425,,,,,,
,4096,sign_batch,,,,200.0,,,,,,,,b,latency_ecdf,151.304842,0.43,,,,,,
,4096,sign_batch,,,,200.0,,,,,,,,b,latency_ecdf,151.312784,0.435,,,,,,
,4096,sign_batch,,,,200.0,,,,,,,,b,latency_ecdf,151.314716,0.44,,,,,,
,4096,sign_batch,,,,200.0,,,,,,,,b,latency_ecdf,151.319934,0.445,,,,,,
,4096,sign_batch,,,,200.0,,,,,,,,b,latency_ecdf,151.353374,0.45,,,,,,
,4096,sign_batch,,,,200.0,,,,,,,,b,latency_ecdf,151.375767,0.455,,,,,,
,4096,sign_batch,,,,200.0,,,,,,,,b,latency_ecdf,151.399753,0.46,,,,,,
,4096,sign_batch,,,,200.0,,,,,,,,b,latency_ecdf,151.400144,0.465,,,,,,
,4096,sign_batch,,,,200.0,,,,,,,,b,latency_ecdf,151.403238,0.47,,,,,,
,4096,sign_batch,,,,200.0,,,,,,,,b,latency_ecdf,151.410009,0.475,,,,,,
,4096,sign_batch,,,,200.0,,,,,,,,b,latency_ecdf,151.416488,0.48,,,,,,
,4096,sign_batch,,,,200.0,,,,,,,,b,latency_ecdf,151.421476,0.485,,,,,,
,4096,sign_batch,,,,200.0,,,,,,,,b,latency_ecdf,151.42456,0.49,,,,,,
,4096,sign_batch,,,,200.0,,,,,,,,b,latency_ecdf,151.441405,0.495,,,,,,
,4096,sign_batch,,,,200.0,,,,,,,,b,latency_ecdf,151.442407,0.5,,,,,,
,4096,sign_batch,,,,200.0,,,,,,,,b,latency_ecdf,151.466412,0.505,,,,,,
,4096,sign_batch,,,,200.0,,,,,,,,b,latency_ecdf,151.470248,0.51,,,,,,
,4096,sign_batch,,,,200.0,,,,,,,,b,latency_ecdf,151.477549,0.515,,,,,,
,4096,sign_batch,,,,200.0,,,,,,,,b,latency_ecdf,151.512401,0.52,,,,,,
,4096,sign_batch,,,,200.0,,,,,,,,b,latency_ecdf,151.514353,0.525,,,,,,
,4096,sign_batch,,,,200.0,,,,,,,,b,latency_ecdf,151.534694,0.53,,,,,,
,4096,sign_batch,,,,200.0,,,,,,,,b,latency_ecdf,151.551609,0.535,,,,,,
,4096,sign_batch,,,,200.0,,,,,,,,b,latency_ecdf,151.564939,0.54,,,,,,
,4096,sign_batch,,,,200.0,,,,,,,,b,latency_ecdf,151.596936,0.545,,,,,,
,4096,sign_batch,,,,200.0,,,,,,,,b,latency_ecdf,151.614863,0.55,,,,,,
,4096,sign_batch,,,,200.0,,,,,,,,b,latency_ecdf,151.619811,0.555,,,,,,
,4096,sign_batch,,,,200.0,,,,,,,,b,latency_ecdf,151.645569,0.56,,,,,,
,4096,sign_batch,,,,200.0,,,,,,,,b,latency_ecdf,151.671538,0.565,,,,,,
,4096,sign_batch,,,,200.0,,,,,,,,b,latency_ecdf,151.732879,0.57,,,,,,
,4096,sign_batch,,,,200.0,,,,,,,,b,latency_ecdf,151.769944,0.575,,,,,,
,4096,sign_batch,,,,200.0,,,,,,,,b,latency_ecdf,151.778848,0.58,,,,,,
,4096,sign_batch,,,,200.0,,,,,,,,b,latency_ecdf,151.783504,0.585,,,,,,
,4096,sign_batch,,,,200.0,,,,,,,,b,latency_ecdf,151.792658,0.59,,,,,,
,4096,sign_batch,,,,200.0,,,,,,,,b,latency_ecdf,151.862152,0.595,,,,,,
,4096,sign_batch,,,,200.0,,,,,,,,b,latency_ecdf,151.877204,0.6,,,,,,
,4096,sign_batch,,,,200.0,,,,,,,,b,latency_ecdf,151.879067,0.605,,,,,,
,4096,sign_batch,,,,200.0,,,,,,,,b,latency_ecdf,151.956772,0.61,,,,,,
,4096,sign_batch,,,,200.0,,,,,,,,b,latency_ecdf,152.009691,0.615,,,,,,
,4096,sign_batch,,,,200.0,,,,,,,,b,latency_ecdf,152.032815,0.62,,,,,,
,4096,sign_batch,,,,200.0,,,,,,,,b,latency_ecdf,152.066896,0.625,,,,,,
,4096,sign_batch,,,,200.0,,,,,,,,b,latency_ecdf,152.088778,0.63,,,,,,
,4096,sign_batch,,,,200.0,,,,,,,,b,latency_ecdf,152.103521,0.635,,,,,,
,4096,sign_batch,,,,200.0,,,,,,,,b,latency_ecdf,152.115529,0.64,,,,,,
,4096,sign_batch,,,,200.0,,,,,,,,b,latency_ecdf,152.145773,0.645,,,,,,
,4096,sign_batch,,,,200.0,,,,,,,,b,latency_ecdf,152.166745,0.65,,,,,,
,4096,sign_batch,,,,200.0,,,,,,,,b,latency_ecdf,152.172743,0.655,,,,,,
,4096,sign_batch,,,,200.0,,,,,,,,b,latency_ecdf,152.173034,0.66,,,,,,
,4096,sign_batch,,,,200.0,,,,,,,,b,latency_ecdf,152.184091,0.665,,,,,,
,4096,sign_batch,,,,200.0,,,,,,,,b,latency_ecdf,152.190049,0.67,,,,,,
,4096,sign_batch,,,,200.0,,,,,,,,b,latency_ecdf,152.206044,0.675,,,,,,
,4096,sign_batch,,,,200.0,,,,,,,,b,latency_ecdf,152.208777,0.68,,,,,,
,4096,sign_batch,,,,200.0,,,,,,,,b,latency_ecdf,152.302657,0.685,,,,,,
,4096,sign_batch,,,,200.0,,,,,,,,b,latency_ecdf,152.560541,0.69,,,,,,
,4096,sign_batch,,,,200.0,,,,,,,,b,latency_ecdf,152.597176,0.695,,,,,,
,4096,sign_batch,,,,200.0,,,,,,,,b,latency_ecdf,152.662563,0.7,,,,,,
,4096,sign_batch,,,,200.0,,,,,,,,b,latency_ecdf,152.682802,0.705,,,,,,
,4096,sign_batch,,,,200.0,,,,,,,,b,latency_ecdf,152.804784,0.71,,,,,,
,4096,sign_batch,,,,200.0,,,,,,,,b,latency_ecdf,152.807248,0.715,,,,,,
,4096,sign_batch,,,,200.0,,,,,,,,b,latency_ecdf,152.926315,0.72,,,,,,
,4096,sign_batch,,,,200.0,,,,,,,,b,latency_ecdf,152.998062,0.725,,,,,,
,4096,sign_batch,,,,200.0,,,,,,,,b,latency_ecdf,153.099794,0.73,,,,,,
,4096,sign_batch,,,,200.0,,,,,,,,b,latency_ecdf,153.195075,0.735,,,,,,
,4096,sign_batch,,,,200.0,,,,,,,,b,latency_ecdf,153.286451,0.74,,,,,,
,4096,sign_batch,,,,200.0,,,,,,,,b,latency_ecdf,153.365358,0.745,,,,,,
,4096,sign_batch,,,,200.0,,,,,,,,b,latency_ecdf,153.371538,0.75,,,,,,
,4096,sign_batch,,,,200.0,,,,,,,,b,latency_ecdf,153.470885,0.755,,,,,,
,4096,sign_batch,,,,200.0,,,,,,,,b,latency_ecdf,153.790131,0.76,,,,,,
,4096,sign_batch,,,,200.0,,,,,,,,b,latency_ecdf,154.174203,0.765,,,,,,
,4096,sign_batch,,,,200.0,,,,,,,,b,latency_ecdf,154.226711,0.77,,,,,,
,4096,sign_batch,,,,200.0,,,,,,,,b,latency_ecdf,154.399929,0.775,,,,,,
,4096,sign_batch,,,,200.0,,,,,,,,b,latency_ecdf,154.45457,0.78,,,,,,
,4096,sign_batch,,,,200.0,,,,,,,,b,latency_ecdf,154.484484,0.785,,,,,,
,4096,sign_batch,,,,200.0,,,,,,,,b,latency_ecdf,154.902587,0.79,,,,,,
,4096,sign_batch,,,,200.0,,,,,,,,b,latency_ecdf,154.959211,0.795,,,,,,
,4096,sign_batch,,,,200.0,,,,,,,,b,latency_ecdf,155.184106,0.8,,,,,,
,4096,sign_batch,,,,200.0,,,,,,,,b,latency_ecdf,155.425275,0.805,,,,,,
,4096,sign_batch,,,,200.0,,,,,,,,b,latency_ecdf,155.493386,0.81,,,,,,
,4096,sign_batch,,,,200.0,,,,,,,,b,latency_ecdf,155.897798,0.815,,,,,,
,4096,sign_batch,,,,200.0,,,,,,,,b,latency_ecdf,156.099438,0.82,,,,,,
,4096,sign_batch,,,,200.0,,,,,,,,b,latency_ecdf,156.115702,0.825,,,,,,
,4096,sign_batch,,,,200.0,,,,,,,,b,latency_ecdf,156.411613,0.83,,,,,,
,4096,sign_batch,,,,200.0,,,,,,,,b,latency_ecdf,156.755805,0.835,,,,,,
,4096,sign_batch,,,,200.0,,,,,,,,b,latency_ecdf,157.401236,0.84,,,,,,
,4096,sign_batch,,,,200.0,,,,,,,,b,latency_ecdf,158.390488,0.845,,,,,,
,4096,sign_batch,,,,200.0,,,,,,,,b,latency_ecdf,158.865795,0.85,,,,,,
,4096,sign_batch,,,,200.0,,,,,,,,b,latency_ecdf,159.028988,0.855,,,,,,
,4096,sign_batch,,,,200.0,,,,,,,,b,latency_ecdf,160.472317,0.86,,,,,,
,4096,sign_batch,,,,200.0,,,,,,,,b,latency_ecdf,160.801317,0.865,,,,,,
,4096,sign_batch,,,,200.0,,,,,,,,b,latency_ecdf,161.630661,0.87,,,,,,
,4096,sign_batch,,,,200.0,,,,,,,,b,latency_ecdf,161.825611,0.875,,,,,,
,4096,sign_batch,,,,200.0,,,,,,,,b,latency_ecdf,162.08328,0.88,,,,,,
,4096,sign_batch,,,,200.0,,,,,,,,b,latency_ecdf,162.16766,0.885,,,,,,
,4096,sign_batch,,,,200.0,,,,,,,,b,latency_ecdf,162.753572,0.89,,,,,,
,4096,sign_batch,,,,200.0,,,,,,,,b,latency_ecdf,163.204424,0.895,,,,,,
,4096,sign_batch,,,,200.0,,,,,,,,b,latency_ecdf,163.514976,0.9,,,,,,
,4096,sign_batch,,,,200.0,,,,,,,,b,latency_ecdf,163.545351,0.905,,,,,,
,4096,sign_batch,,,,200.0,,,,,,,,b,latency_ecdf,163.95467,0.91,,,,,,
,4096,sign_batch,,,,200.0,,,,,,,,b,latency_ecdf,164.199955,0.915,,,,,,
,4096,sign_batch,,,,200.0,,,,,,,,b,latency_ecdf,164.238732,0.92,,,,,,
,4096,sign_batch,,,,200.0,,,,,,,,b,latency_ecdf,164.273094,0.925,,,,,,
,4096,sign_batch,,,,200.0,,,,,,,,b,latency_ecdf,166.209596,0.93,,,,,,
,4096,sign_batch,,,,200.0,,,,,,,,b,latency_ecdf,166.278439,0.935,,,,,,
,4096,sign_batch,,,,200.0,,,,,,,,b,latency_ecdf,166.535431,0.94,,,,,,
,4096,sign_batch,,,,200.0,,,,,,,,b,latency_ecdf,166.778433,0.945,,,,,,
,4096,sign_batch,,,,200.0,,,,,,,,b,latency_ecdf,167.195323,0.95,,,,,,
,4096,sign_batch,,,,200.0,,,,,,,,b,latency_ecdf,167.38451,0.955,,,,,,
,4096,sign_batch,,,,200.0,,,,,,,,b,latency_ecdf,167.546676,0.96,,,,,,
,4096,sign_batch,,,,200.0,,,,,,,,b,latency_ecdf,167.758401,0.965,,,,,,
,4096,sign_batch,,,,200.0,,,,,,,,b,latency_ecdf,168.606243,0.97,,,,,,
,4096,sign_batch,,,,200.0,,,,,,,,b,latency_ecdf,168.992448,0.975,,,,,,
,4096,sign_batch,,,,200.0,,,,,,,,b,latency_ecdf,169.708914,0.98,,,,,,
,4096,sign_batch,,,,200.0,,,,,,,,b,latency_ecdf,170.476006,0.985,,,,,,
,4096,sign_batch,,,,200.0,,,,,,,,b,latency_ecdf,170.580121,0.99,,,,,,
,4096,sign_batch,,,,200.0,,,,,,,,b,latency_ecdf,171.079414,0.995,,,,,,
,4096,sign_batch,,,,200.0,,,,,,,,b,latency_ecdf,171.706808,1.0,,,,,,
,4096,verify_batch,,,,200.0,,,,,,,,b,latency_ecdf,450.146728,0.005,,,,,,
,4096,verify_batch,,,,200.0,,,,,,,,b,latency_ecdf,450.195811,0.01,,,,,,
,4096,verify_batch,,,,200.0,,,,,,,,b,latency_ecdf,450.270753,0.015,,,,,,
,4096,verify_batch,,,,200.0,,,,,,,,b,latency_ecdf,450.291773,0.02,,,,,,
,4096,verify_batch,,,,200.0,,,,,,,,b,latency_ecdf,450.321318,0.025,,,,,,
,4096,verify_batch,,,,200.0,,,,,,,,b,latency_ecdf,450.341798,0.03,,,,,,
,4096,verify_batch,,,,200.0,,,,,,,,b,latency_ecdf,450.428216,0.035,,,,,,
,4096,verify_batch,,,,200.0,,,,,,,,b,latency_ecdf,450.441156,0.04,,,,,,
,4096,verify_batch,,,,200.0,,,,,,,,b,latency_ecdf,450.469458,0.045,,,,,,
,4096,verify_batch,,,,200.0,,,,,,,,b,latency_ecdf,450.485872,0.05,,,,,,
,4096,verify_batch,,,,200.0,,,,,,,,b,latency_ecdf,450.617068,0.055,,,,,,
,4096,verify_batch,,,,200.0,,,,,,,,b,latency_ecdf,450.651939,0.06,,,,,,
,4096,verify_batch,,,,200.0,,,,,,,,b,latency_ecdf,450.680472,0.065,,,,,,
,4096,verify_batch,,,,200.0,,,,,,,,b,latency_ecdf,450.719781,0.07,,,,,,
,4096,verify_batch,,,,200.0,,,,,,,,b,latency_ecdf,450.871446,0.075,,,,,,
,4096,verify_batch,,,,200.0,,,,,,,,b,latency_ecdf,450.895482,0.08,,,,,,
,4096,verify_batch,,,,200.0,,,,,,,,b,latency_ecdf,451.080197,0.085,,,,,,
,4096,verify_batch,,,,200.0,,,,,,,,b,latency_ecdf,451.087387,0.09,,,,,,
,4096,verify_batch,,,,200.0,,,,,,,,b,latency_ecdf,451.110402,0.095,,,,,,
,4096,verify_batch,,,,200.0,,,,,,,,b,latency_ecdf,451.112345,0.1,,,,,,
,4096,verify_batch,,,,200.0,,,,,,,,b,latency_ecdf,451.190141,0.105,,,,,,
,4096,verify_batch,,,,200.0,,,,,,,,b,latency_ecdf,451.2029,0.11,,,,,,
,4096,verify_batch,,,,200.0,,,,,,,,b,latency_ecdf,451.223139,0.115,,,,,,
,4096,verify_batch,,,,200.0,,,,,,,,b,latency_ecdf,451.278662,0.12,,,,,,
,4096,verify_batch,,,,200.0,,,,,,,,b,latency_ecdf,451.329819,0.125,,,,,,
,4096,verify_batch,,,,200.0,,,,,,,,b,latency_ecdf,451.396868,0.13,,,,,,
,4096,verify_batch,,,,200.0,,,,,,,,b,latency_ecdf,451.461545,0.135,,,,,,
,4096,verify_batch,,,,200.0,,,,,,,,b,latency_ecdf,451.507974,0.14,,,,,,
,4096,verify_batch,,,,200.0,,,,,,,,b,latency_ecdf,451.637367,0.145,,,,,,
,4096,verify_batch,,,,200.0,,,,,,,,b,latency_ecdf,451.638127,0.15,,,,,,
,4096,verify_batch,,,,200.0,,,,,,,,b,latency_ecdf,451.705488,0.155,,,,,,
,4096,verify_batch,,,,200.0,,,,,,,,b,latency_ecdf,451.822182,0.16,,,,,,
,4096,verify_batch,,,,200.0,,,,,,,,b,latency_ecdf,451.900478,0.165,,,,,,
,4096,verify_batch,,,,200.0,,,,,,,,b,latency_ecdf,451.921529,0.17,,,,,,
,4096,verify_batch,,,,200.0,,,,,,,,b,latency_ecdf,451.94875,0.175,,,,,,
,4096,verify_batch,,,,200.0,,,,,,,,b,latency_ecdf,451.953476,0.18,,,,,,
,4096,verify_batch,,,,200.0,,,,,,,,b,latency_ecdf,451.989109,0.185,,,,,,
,4096,verify_batch,,,,200.0,,,,,,,,b,latency_ecdf,452.012855,0.19,,,,,,
,4096,verify_batch,,,,200.0,,,,,,,,b,latency_ecdf,452.027126,0.195,,,,,,
,4096,verify_batch,,,,200.0,,,,,,,,b,latency_ecdf,452.040326,0.2,,,,,,
,4096,verify_batch,,,,200.0,,,,,,,,b,latency_ecdf,452.047317,0.205,,,,,,
,4096,verify_batch,,,,200.0,,,,,,,,b,latency_ecdf,452.090085,0.21,,,,,,
,4096,verify_batch,,,,200.0,,,,,,,,b,latency_ecdf,452.101207,0.215,,,,,,
,4096,verify_batch,,,,200.0,,,,,,,,b,latency_ecdf,452.126634,0.22,,,,,,
,4096,verify_batch,,,,200.0,,,,,,,,b,latency_ecdf,452.13682,0.225,,,,,,
,4096,verify_batch,,,,200.0,,,,,,,,b,latency_ecdf,452.145302,0.23,,,,,,
,4096,verify_batch,,,,200.0,,,,,,,,b,latency_ecdf,452.159022,0.235,,,,,,
,4096,verify_batch,,,,200.0,,,,,,,,b,latency_ecdf,452.279572,0.24,,,,,,
,4096,verify_batch,,,,200.0,,,,,,,,b,latency_ecdf,452.339932,0.245,,,,,,
,4096,verify_batch,,,,200.0,,,,,,,,b,latency_ecdf,452.361404,0.25,,,,,,
,4096,verify_batch,,,,200.0,,,,,,,,b,latency_ecdf,452.367222,0.255,,,,,,
,4096,verify_batch,,,,200.0,,,,,,,,b,latency_ecdf,452.38575,0.26,,,,,,
,4096,verify_batch,,,,200.0,,,,,,,,b,latency_ecdf,452.386341,0.265,,,,,,
,4096,verify_batch,,,,200.0,,,,,,,,b,latency_ecdf,452.397408,0.27,,,,,,
,4096,verify_batch,,,,200.0,,,,,,,,b,latency_ecdf,452.433221,0.275,,,,,,
,4096,verify_batch,,,,200.0,,,,,,,,b,latency_ecdf,452.486871,0.28,,,,,,
,4096,verify_batch,,,,200.0,,,,,,,,b,latency_ecdf,452.502794,0.285,,,,,,
,4096,verify_batch,,,,200.0,,,,,,,,b,latency_ecdf,452.503686,0.29,,,,,,
,4096,verify_batch,,,,200.0,,,,,,,,b,latency_ecdf,452.544146,0.295,,,,,,
,4096,verify_batch,,,,200.0,,,,,,,,b,latency_ecdf,452.549984,0.3,,,,,,
,4096,verify_batch,,,,200.0,,,,,,,,b,latency_ecdf,452.570645,0.305,,,,,,
,4096,verify_batch,,,,200.0,,,,,,,,b,latency_ecdf,452.571607,0.31,,,,,,
,4096,verify_batch,,,,200.0,,,,,,,,b,latency_ecdf,452.608111,0.315,,,,,,
,4096,verify_batch,,,,200.0,,,,,,,,b,latency_ecdf,452.616994,0.32,,,,,,
,4096,verify_batch,,,,200.0,,,,,,,,b,latency_ecdf,452.652637,0.325,,,,,,
,4096,verify_batch,,,,200.0,,,,,,,,b,latency_ecdf,452.729071,0.33,,,,,,
,4096,verify_batch,,,,200.0,,,,,,,,b,latency_ecdf,452.731805,0.335,,,,,,
,4096,verify_batch,,,,200.0,,,,,,,,b,latency_ecdf,452.834548,0.34,,,,,,
,4096,verify_batch,,,,200.0,,,,,,,,b,latency_ecdf,452.844804,0.345,,,,,,
,4096,verify_batch,,,,200.0,,,,,,,,b,latency_ecdf,452.906355,0.35,,,,,,
,4096,verify_batch,,,,200.0,,,,,,,,b,latency_ecdf,452.910861,0.355,,,,,,
,4096,verify_batch,,,,200.0,,,,,,,,b,latency_ecdf,452.977621,0.36,,,,,,
,4096,verify_batch,,,,200.0,,,,,,,,b,latency_ecdf,452.979443,0.365,,,,,,
,4096,verify_batch,,,,200.0,,,,,,,,b,latency_ecdf,452.984571,0.37,,,,,,
,4096,verify_batch,,,,200.0,,,,,,,,b,latency_ecdf,453.022288,0.375,,,,,,
,4096,verify_batch,,,,200.0,,,,,,,,b,latency_ecdf,453.025653,0.38,,,,,,
,4096,verify_batch,,,,200.0,,,,,,,,b,latency_ecdf,453.09796,0.385,,,,,,
,4096,verify_batch,,,,200.0,,,,,,,,b,latency_ecdf,453.103819,0.39,,,,,,
,4096,verify_batch,,,,200.0,,,,,,,,b,latency_ecdf,453.148155,0.395,,,,,,
,4096,verify_batch,,,,200.0,,,,,,,,b,latency_ecdf,453.149567,0.4,,,,,,
,4096,verify_batch,,,,200.0,,,,,,,,b,latency_ecdf,453.169186,0.405,,,,,,
,4096,verify_batch,,,,200.0,,,,,,,,b,latency_ecdf,453.175085,0.41,,,,,,
,4096,verify_batch,,,,200.0,,,,,,,,b,latency_ecdf,453.176607,0.415,,,,,,
,4096,verify_batch,,,,200.0,,,,,,,,b,latency_ecdf,453.220443,0.42,,,,,,
,4096,verify_batch,,,,200.0,,,,,,,,b,latency_ecdf,453.23223,0.425,,,,,,
,4096,verify_batch,,,,200.0,,,,,,,,b,latency_ecdf,453.2794,0.43,,,,,,
,4096,verify_batch,,,,200.0,,,,,,,,b,latency_ecdf,453.336625,0.435,,,,,,
,4096,verify_batch,,,,200.0,,,,,,,,b,latency_ecdf,453.368372,0.44,,,,,,
,4096,verify_batch,,,,200.0,,,,,,,,b,latency_ecdf,453.390295,0.445,,,,,,
,4096,verify_batch,,,,200.0,,,,,,,,b,latency_ecdf,453.445127,0.45,,,,,,
,4096,verify_batch,,,,200.0,,,,,,,,b,latency_ecdf,453.547118,0.455,,,,,,
,4096,verify_batch,,,,200.0,,,,,,,,b,latency_ecdf,453.60826,0.46,,,,,,
,4096,verify_batch,,,,200.0,,,,,,,,b,latency_ecdf,453.616843,0.465,,,,,,
,4096,verify_batch,,,,200.0,,,,,,,,b,latency_ecdf,453.623402,0.47,,,,,,
,4096,verify_batch,,,,200.0,,,,,,,,b,latency_ecdf,453.7491,0.475,,,,,,
,4096,verify_batch,,,,200.0,,,,,,,,b,latency_ecdf,453.751793,0.48,,,,,,
,4096,verify_batch,,,,200.0,,,,,,,,b,latency_ecdf,453.7563,0.485,,,,,,
,4096,verify_batch,,,,200.0,,,,,,,,b,latency_ecdf,453.793024,0.49,,,,,,
,4096,verify_batch,,,,200.0,,,,,,,,b,latency_ecdf,453.895247,0.495,,,,,,
,4096,verify_batch,,,,200.0,,,,,,,,b,latency_ecdf,453.899503,0.5,,,,,,
,4096,verify_batch,,,,200.0,,,,,,,,b,latency_ecdf,453.981686,0.505,,,,,,
,4096,verify_batch,,,,200.0,,,,,,,,b,latency_ecdf,454.140532,0.51,,,,,,
,4096,verify_batch,,,,200.0,,,,,,,,b,latency_ecdf,454.154663,0.515,,,,,,
,4096,verify_batch,,,,200.0,,,,,,,,b,latency_ecdf,454.30722,0.52,,,,,,
,4096,verify_batch,,,,200.0,,,,,,,,b,latency_ecdf,454.333419,0.525,,,,,,
,4096,verify_batch,,,,200.0,,,,,,,,b,latency_ecdf,454.336244,0.53,,,,,,
,4096,verify_batch,,,,200.0,,,,,,,,b,latency_ecdf,454.379177,0.535,,,,,,
,4096,verify_batch,,,,200.0,,,,,,,,b,latency_ecdf,454.394751,0.54,,,,,,
,4096,verify_batch,,,,200.0,,,,,,,,b,latency_ecdf,454.397955,0.545,,,,,,
,4096,verify_batch,,,,200.0,,,,,,,,b,latency_ecdf,454.44819,0.55,,,,,,
,4096,verify_batch,,,,200.0,,,,,,,,b,latency_ecdf,454.497172,0.555,,,,,,
,4096,verify_batch,,,,200.0,,,,,,,,b,latency_ecdf,454.506947,0.56,,,,,,
,4096,verify_batch,,,,200.0,,,,,,,,b,latency_ecdf,454.525856,0.565,,,,,,
,4096,verify_batch,,,,200.0,,,,,,,,b,latency_ecdf,454.53628,0.57,,,,,,
,4096,verify_batch,,,,200.0,,,,,,,,b,latency_ecdf,454.558805,0.575,,,,,,
,4096,verify_batch,,,,200.0,,,,,,,,b,latency_ecdf,454.665939,0.58,,,,,,
,4096,verify_batch,,,,200.0,,,,,,,,b,latency_ecdf,454.731952,0.585,,,,,,
,4096,verify_batch,,,,200.0,,,,,,,,b,latency_ecdf,454.778992,0.59,,,,,,
,4096,verify_batch,,,,200.0,,,,,,,,b,latency_ecdf,454.895846,0.595,,,,,,
,4096,verify_batch,,,,200.0,,,,,,,,b,latency_ecdf,454.906502,0.6,,,,,,
,4096,verify_batch,,,,200.0,,,,,,,,b,latency_ecdf,454.95919,0.605,,,,,,
,4096,verify_batch,,,,200.0,,,,,,,,b,latency_ecdf,454.967393,0.61,,,,,,
,4096,verify_batch,,,,200.0,,,,,,,,b,latency_ecdf,455.027202,0.615,,,,,,
,4096,verify_batch,,,,200.0,,,,,,,,b,latency_ecdf,455.049946,0.62,,,,,,
,4096,verify_batch,,,,200.0,,,,,,,,b,latency_ecdf,455.088462,0.625,,,,,,
,4096,verify_batch,,,,200.0,,,,,,,,b,latency_ecdf,455.092839,0.63,,,,,,
,4096,verify_batch,,,,200.0,,,,,,,,b,latency_ecdf,455.096425,0.635,,,,,,
,4096,verify_batch,,,,200.0,,,,,,,,b,latency_ecdf,455.154291,0.64,,,,,,
,4096,verify_batch,,,,200.0,,,,,,,,b,latency_ecdf,455.253779,0.645,,,,,,
,4096,verify_batch,,,,200.0,,,,,,,,b,latency_ecdf,455.289492,0.65,,,,,,
,4096,verify_batch,,,,200.0,,,,,,,,b,latency_ecdf,455.431954,0.655,,,,,,
,4096,verify_batch,,,,200.0,,,,,,,,b,latency_ecdf,455.70525,0.66,,,,,,
,4096,verify_batch,,,,200.0,,,,,,,,b,latency_ecdf,455.970355,0.665,,,,,,
,4096,verify_batch,,,,200.0,,,,,,,,b,latency_ecdf,456.003504,0.67,,,,,,
,4096,verify_batch,,,,200.0,,,,,,,,b,latency_ecdf,456.015913,0.675,,,,,,
,4096,verify_batch,,,,200.0,,,,,,,,b,latency_ecdf,456.112858,0.68,,,,,,
,4096,verify_batch,,,,200.0,,,,,,,,b,latency_ecdf,456.133859,0.685,,,,,,
,4096,verify_batch,,,,200.0,,,,,,,,b,latency_ecdf,456.1546,0.69,,,,,,
,4096,verify_batch,,,,200.0,,,,,,,,b,latency_ecdf,456.177413,0.695,,,,,,
,4096,verify_batch,,,,200.0,,,,,,,,b,latency_ecdf,456.267603,0.7,,,,,,
,4096,verify_batch,,,,200.0,,,,,,,,b,latency_ecdf,456.301168,0.705,,,,,,
,4096,verify_batch,,,,200.0,,,,,,,,b,latency_ecdf,456.40299,0.71,,,,,,
,4096,verify_batch,,,,200.0,,,,,,,,b,latency_ecdf,456.649381,0.715,,,,,,
,4096,verify_batch,,,,200.0,,,,,,,,b,latency_ecdf,456.994459,0.72,,,,,,
,4096,verify_batch,,,,200.0,,,,,,,,b,latency_ecdf,457.031505,0.725,,,,,,
,4096,verify_batch,,,,200.0,,,,,,,,b,latency_ecdf,457.185049,0.73,,,,,,
,4096,verify_batch,,,,200.0,,,,,,,,b,latency_ecdf,457.336519,0.735,,,,,,
,4096,verify_batch,,,,200.0,,,,,,,,b,latency_ecdf,457.53204,0.74,,,,,,
,4096,verify_batch,,,,200.0,,,,,,,,b,latency_ecdf,458.177731,0.745,,,,,,
,4096,verify_batch,,,,200.0,,,,,,,,b,latency_ecdf,458.682352,0.75,,,,,,
,4096,verify_batch,,,,200.0,,,,,,,,b,latency_ecdf,458.931112,0.755,,,,,,
,4096,verify_batch,,,,200.0,,,,,,,,b,latency_ecdf,459.132021,0.76,,,,,,
,4096,verify_batch,,,,200.0,,,,,,,,b,latency_ecdf,459.323156,0.765,,,,,,
,4096,verify_batch,,,,200.0,,,,,,,,b,latency_ecdf,459.436244,0.77,,,,,,
,4096,verify_batch,,,,200.0,,,,,,,,b,latency_ecdf,459.589782,0.775,,,,,,
,4096,verify_batch,,,,200.0,,,,,,,,b,latency_ecdf,459.976428,0.78,,,,,,
,4096,verify_batch,,,,200.0,,,,,,,,b,latency_ecdf,460.117608,0.785,,,,,,
,4096,verify_batch,,,,200.0,,,,,,,,b,latency_ecdf,460.401451,0.79,,,,,,
,4096,verify_batch,,,,200.0,,,,,,,,b,latency_ecdf,460.526217,0.795,,,,,,
,4096,verify_batch,,,,200.0,,,,,,,,b,latency_ecdf,463.587042,0.8,,,,,,
,4096,verify_batch,,,,200.0,,,,,,,,b,latency_ecdf,464.254515,0.805,,,,,,
,4096,verify_batch,,,,200.0,,,,,,,,b,latency_ecdf,464.285112,0.81,,,,,,
,4096,verify_batch,,,,200.0,,,,,,,,b,latency_ecdf,464.725757,0.815,,,,,,
,4096,verify_batch,,,,200.0,,,,,,,,b,latency_ecdf,470.080908,0.82,,,,,,
,4096,verify_batch,,,,200.0,,,,,,,,b,latency_ecdf,472.768497,0.825,,,,,,
,4096,verify_batch,,,,200.0,,,,,,,,b,latency_ecdf,479.409202,0.83,,,,,,
,4096,verify_batch,,,,200.0,,,,,,,,b,latency_ecdf,479.604693,0.835,,,,,,
,4096,verify_batch,,,,200.0,,,,,,,,b,latency_ecdf,480.124716,0.84,,,,,,
,4096,verify_batch,,,,200.0,,,,,,,,b,latency_ecdf,481.019839,0.845,,,,,,
,4096,verify_batch,,,,200.0,,,,,,,,b,latency_ecdf,483.189579,0.85,,,,,,
,4096,verify_batch,,,,200.0,,,,,,,,b,latency_ecdf,484.719005,0.855,,,,,,
,4096,verify_batch,,,,200.0,,,,,,,,b,latency_ecdf,485.564013,0.86,,,,,,
,4096,verify_batch,,,,200.0,,,,,,,,b,latency_ecdf,486.174,0.865,,,,,,
,4096,verify_batch,,,,200.0,,,,,,,,b,latency_ecdf,487.520034,0.87,,,,,,
,4096,verify_batch,,,,200.0,,,,,,,,b,latency_ecdf,488.341427,0.875,,,,,,
,4096,verify_batch,,,,200.0,,,,,,,,b,latency_ecdf,490.071431,0.88,,,,,,
,4096,verify_batch,,,,200.0,,,,,,,,b,latency_ecdf,491.211218,0.885,,,,,,
,4096,verify_batch,,,,200.0,,,,,,,,b,latency_ecdf,491.825893,0.89,,,,,,
,4096,verify_batch,,,,200.0,,,,,,,,b,latency_ecdf,492.63748,0.895,,,,,,
,4096,verify_batch,,,,200.0,,,,,,,,b,latency_ecdf,494.044455,0.9,,,,,,
,4096,verify_batch,,,,200.0,,,,,,,,b,latency_ecdf,494.057785,0.905,,,,,,
,4096,verify_batch,,,,200.0,,,,,,,,b,latency_ecdf,494.601364,0.91,,,,,,
,4096,verify_batch,,,,200.0,,,,,,,,b,latency_ecdf,494.831225,0.915,,,,,,
,4096,verify_batch,,,,200.0,,,,,,,,b,latency_ecdf,494.914811,0.92,,,,,,
,4096,verify_batch,,,,200.0,,,,,,,,b,latency_ecdf,494.992306,0.925,,,,,,
,4096,verify_batch,,,,200.0,,,,,,,,b,latency_ecdf,495.024224,0.93,,,,,,
,4096,verify_batch,,,,200.0,,,,,,,,b,latency_ecdf,495.251942,0.935,,,,,,
,4096,verify_batch,,,,200.0,,,,,,,,b,latency_ecdf,496.233703,0.94,,,,,,
,4096,verify_batch,,,,200.0,,,,,,,,b,latency_ecdf,496.443916,0.945,,,,,,
,4096,verify_batch,,,,200.0,,,,,,,,b,latency_ecdf,497.571555,0.95,,,,,,
,4096,verify_batch,,,,200.0,,,,,,,,b,latency_ecdf,498.295322,0.955,,,,,,
,4096,verify_batch,,,,200.0,,,,,,,,b,latency_ecdf,498.547266,0.96,,,,,,
,4096,verify_batch,,,,200.0,,,,,,,,b,latency_ecdf,499.949954,0.965,,,,,,
,4096,verify_batch,,,,200.0,,,,,,,,b,latency_ecdf,501.922841,0.97,,,,,,
,4096,verify_batch,,,,200.0,,,,,,,,b,latency_ecdf,502.945003,0.975,,,,,,
,4096,verify_batch,,,,200.0,,,,,,,,b,latency_ecdf,504.227752,0.98,,,,,,
,4096,verify_batch,,,,200.0,,,,,,,,b,latency_ecdf,505.433586,0.985,,,,,,
,4096,verify_batch,,,,200.0,,,,,,,,b,latency_ecdf,507.248282,0.99,,,,,,
,4096,verify_batch,,,,200.0,,,,,,,,b,latency_ecdf,512.601816,0.995,,,,,,
,4096,verify_batch,,,,200.0,,,,,,,,b,latency_ecdf,514.632568,1.0,,,,,,
,4096,signature_admission_batch,,,,200.0,,,,,,,,b,latency_ecdf,474.432785,0.005,,,,,,
,4096,signature_admission_batch,,,,200.0,,,,,,,,b,latency_ecdf,474.478193,0.01,,,,,,
,4096,signature_admission_batch,,,,200.0,,,,,,,,b,latency_ecdf,474.731209,0.015,,,,,,
,4096,signature_admission_batch,,,,200.0,,,,,,,,b,latency_ecdf,474.755095,0.02,,,,,,
,4096,signature_admission_batch,,,,200.0,,,,,,,,b,latency_ecdf,475.075121,0.025,,,,,,
,4096,signature_admission_batch,,,,200.0,,,,,,,,b,latency_ecdf,475.118205,0.03,,,,,,
,4096,signature_admission_batch,,,,200.0,,,,,,,,b,latency_ecdf,475.198725,0.035,,,,,,
,4096,signature_admission_batch,,,,200.0,,,,,,,,b,latency_ecdf,475.287617,0.04,,,,,,
,4096,signature_admission_batch,,,,200.0,,,,,,,,b,latency_ecdf,475.425793,0.045,,,,,,
,4096,signature_admission_batch,,,,200.0,,,,,,,,b,latency_ecdf,475.458261,0.05,,,,,,
,4096,signature_admission_batch,,,,200.0,,,,,,,,b,latency_ecdf,475.574665,0.055,,,,,,
,4096,signature_admission_batch,,,,200.0,,,,,,,,b,latency_ecdf,475.638179,0.06,,,,,,
,4096,signature_admission_batch,,,,200.0,,,,,,,,b,latency_ecdf,475.687452,0.065,,,,,,
,4096,signature_admission_batch,,,,200.0,,,,,,,,b,latency_ecdf,475.7397,0.07,,,,,,
,4096,signature_admission_batch,,,,200.0,,,,,,,,b,latency_ecdf,475.756865,0.075,,,,,,
,4096,signature_admission_batch,,,,200.0,,,,,,,,b,latency_ecdf,475.781092,0.08,,,,,,
,4096,signature_admission_batch,,,,200.0,,,,,,,,b,latency_ecdf,475.826229,0.085,,,,,,
,4096,signature_admission_batch,,,,200.0,,,,,,,,b,latency_ecdf,475.913398,0.09,,,,,,
,4096,signature_admission_batch,,,,200.0,,,,,,,,b,latency_ecdf,475.977604,0.095,,,,,,
,4096,signature_admission_batch,,,,200.0,,,,,,,,b,latency_ecdf,475.996262,0.1,,,,,,
,4096,signature_admission_batch,,,,200.0,,,,,,,,b,latency_ecdf,476.038595,0.105,,,,,,
,4096,signature_admission_batch,,,,200.0,,,,,,,,b,latency_ecdf,476.073708,0.11,,,,,,
,4096,signature_admission_batch,,,,200.0,,,,,,,,b,latency_ecdf,476.078484,0.115,,,,,,
,4096,signature_admission_batch,,,,200.0,,,,,,,,b,latency_ecdf,476.198272,0.12,,,,,,
,4096,signature_admission_batch,,,,200.0,,,,,,,,b,latency_ecdf,476.279503,0.125,,,,,,
,4096,signature_admission_batch,,,,200.0,,,,,,,,b,latency_ecdf,476.284231,0.13,,,,,,
,4096,signature_admission_batch,,,,200.0,,,,,,,,b,latency_ecdf,476.342998,0.135,,,,,,
,4096,signature_admission_batch,,,,200.0,,,,,,,,b,latency_ecdf,476.346012,0.14,,,,,,
,4096,signature_admission_batch,,,,200.0,,,,,,,,b,latency_ecdf,476.362987,0.145,,,,,,
,4096,signature_admission_batch,,,,200.0,,,,,,,,b,latency_ecdf,476.383328,0.15,,,,,,
,4096,signature_admission_batch,,,,200.0,,,,,,,,b,latency_ecdf,476.422957,0.155,,,,,,
,4096,signature_admission_batch,,,,200.0,,,,,,,,b,latency_ecdf,476.487413,0.16,,,,,,
,4096,signature_admission_batch,,,,200.0,,,,,,,,b,latency_ecdf,476.531809,0.165,,,,,,
,4096,signature_admission_batch,,,,200.0,,,,,,,,b,latency_ecdf,476.558589,0.17,,,,,,
,4096,signature_admission_batch,,,,200.0,,,,,,,,b,latency_ecdf,476.567703,0.175,,,,,,
,4096,signature_admission_batch,,,,200.0,,,,,,,,b,latency_ecdf,476.625628,0.18,,,,,,
,4096,signature_admission_batch,,,,200.0,,,,,,,,b,latency_ecdf,476.648213,0.185,,,,,,
,4096,signature_admission_batch,,,,200.0,,,,,,,,b,latency_ecdf,476.659188,0.19,,,,,,
,4096,signature_admission_batch,,,,200.0,,,,,,,,b,latency_ecdf,476.674632,0.195,,,,,,
,4096,signature_admission_batch,,,,200.0,,,,,,,,b,latency_ecdf,476.729924,0.2,,,,,,
,4096,signature_admission_batch,,,,200.0,,,,,,,,b,latency_ecdf,476.772738,0.205,,,,,,
,4096,signature_admission_batch,,,,200.0,,,,,,,,b,latency_ecdf,476.773899,0.21,,,,,,
,4096,signature_admission_batch,,,,200.0,,,,,,,,b,latency_ecdf,476.806178,0.215,,,,,,
,4096,signature_admission_batch,,,,200.0,,,,,,,,b,latency_ecdf,476.867409,0.22,,,,,,
,4096,signature_admission_batch,,,,200.0,,,,,,,,b,latency_ecdf,476.86822,0.225,,,,,,
,4096,signature_admission_batch,,,,200.0,,,,,,,,b,latency_ecdf,477.075819,0.23,,,,,,
,4096,signature_admission_batch,,,,200.0,,,,,,,,b,latency_ecdf,477.085924,0.235,,,,,,
,4096,signature_admission_batch,,,,200.0,,,,,,,,b,latency_ecdf,477.11678,0.24,,,,,,
,4096,signature_admission_batch,,,,200.0,,,,,,,,b,latency_ecdf,477.151441,0.245,,,,,,
,4096,signature_admission_batch,,,,200.0,,,,,,,,b,latency_ecdf,477.184371,0.25,,,,,,
,4096,signature_admission_batch,,,,200.0,,,,,,,,b,latency_ecdf,477.223549,0.255,,,,,,
,4096,signature_admission_batch,,,,200.0,,,,,,,,b,latency_ecdf,477.305491,0.26,,,,,,
,4096,signature_admission_batch,,,,200.0,,,,,,,,b,latency_ecdf,477.34579,0.265,,,,,,
,4096,signature_admission_batch,,,,200.0,,,,,,,,b,latency_ecdf,477.352761,0.27,,,,,,
,4096,signature_admission_batch,,,,200.0,,,,,,,,b,latency_ecdf,477.354594,0.275,,,,,,
,4096,signature_admission_batch,,,,200.0,,,,,,,,b,latency_ecdf,477.430527,0.28,,,,,,
,4096,signature_admission_batch,,,,200.0,,,,,,,,b,latency_ecdf,477.454813,0.285,,,,,,
,4096,signature_admission_batch,,,,200.0,,,,,,,,b,latency_ecdf,477.495223,0.29,,,,,,
,4096,signature_admission_batch,,,,200.0,,,,,,,,b,latency_ecdf,477.536004,0.295,,,,,,
,4096,signature_admission_batch,,,,200.0,,,,,,,,b,latency_ecdf,477.547741,0.3,,,,,,
,4096,signature_admission_batch,,,,200.0,,,,,,,,b,latency_ecdf,477.588031,0.305,,,,,,
,4096,signature_admission_batch,,,,200.0,,,,,,,,b,latency_ecdf,477.632337,0.31,,,,,,
,4096,signature_admission_batch,,,,200.0,,,,,,,,b,latency_ecdf,477.723884,0.315,,,,,,
,4096,signature_admission_batch,,,,200.0,,,,,,,,b,latency_ecdf,477.736993,0.32,,,,,,
,4096,signature_admission_batch,,,,200.0,,,,,,,,b,latency_ecdf,477.749561,0.325,,,,,,
,4096,signature_admission_batch,,,,200.0,,,,,,,,b,latency_ecdf,477.796301,0.33,,,,,,
,4096,signature_admission_batch,,,,200.0,,,,,,,,b,latency_ecdf,477.80224,0.335,,,,,,
,4096,signature_admission_batch,,,,200.0,,,,,,,,b,latency_ecdf,477.858624,0.34,,,,,,
,4096,signature_admission_batch,,,,200.0,,,,,,,,b,latency_ecdf,477.860857,0.345,,,,,,
,4096,signature_admission_batch,,,,200.0,,,,,,,,b,latency_ecdf,477.938463,0.35,,,,,,
,4096,signature_admission_batch,,,,200.0,,,,,,,,b,latency_ecdf,477.980706,0.355,,,,,,
,4096,signature_admission_batch,,,,200.0,,,,,,,,b,latency_ecdf,478.03759,0.36,,,,,,
,4096,signature_admission_batch,,,,200.0,,,,,,,,b,latency_ecdf,478.061245,0.365,,,,,,
,4096,signature_admission_batch,,,,200.0,,,,,,,,b,latency_ecdf,478.0712,0.37,,,,,,
,4096,signature_admission_batch,,,,200.0,,,,,,,,b,latency_ecdf,478.113433,0.375,,,,,,
,4096,signature_admission_batch,,,,200.0,,,,,,,,b,latency_ecdf,478.13136,0.38,,,,,,
,4096,signature_admission_batch,,,,200.0,,,,,,,,b,latency_ecdf,478.211925,0.385,,,,,,
,4096,signature_admission_batch,,,,200.0,,,,,,,,b,latency_ecdf,478.246051,0.39,,,,,,
,4096,signature_admission_batch,,,,200.0,,,,,,,,b,latency_ecdf,478.284327,0.395,,,,,,
,4096,signature_admission_batch,,,,200.0,,,,,,,,b,latency_ecdf,478.297056,0.4,,,,,,
,4096,signature_admission_batch,,,,200.0,,,,,,,,b,latency_ecdf,478.36659,0.405,,,,,,
,4096,signature_admission_batch,,,,200.0,,,,,,,,b,latency_ecdf,478.373501,0.41,,,,,,
,4096,signature_admission_batch,,,,200.0,,,,,,,,b,latency_ecdf,478.382404,0.415,,,,,,
,4096,signature_admission_batch,,,,200.0,,,,,,,,b,latency_ecdf,478.44081,0.42,,,,,,
,4096,signature_admission_batch,,,,200.0,,,,,,,,b,latency_ecdf,478.476333,0.425,,,,,,
,4096,signature_admission_batch,,,,200.0,,,,,,,,b,latency_ecdf,478.551235,0.43,,,,,,
,4096,signature_admission_batch,,,,200.0,,,,,,,,b,latency_ecdf,478.609391,0.435,,,,,,
,4096,signature_admission_batch,,,,200.0,,,,,,,,b,latency_ecdf,478.708569,0.44,,,,,,
,4096,signature_admission_batch,,,,200.0,,,,,,,,b,latency_ecdf,478.757782,0.445,,,,,,
,4096,signature_admission_batch,,,,200.0,,,,,,,,b,latency_ecdf,478.848878,0.45,,,,,,
,4096,signature_admission_batch,,,,200.0,,,,,,,,b,latency_ecdf,478.881637,0.455,,,,,,
,4096,signature_admission_batch,,,,200.0,,,,,,,,b,latency_ecdf,478.921485,0.46,,,,,,
,4096,signature_admission_batch,,,,200.0,,,,,,,,b,latency_ecdf,479.067373,0.465,,,,,,
,4096,signature_admission_batch,,,,200.0,,,,,,,,b,latency_ecdf,479.069887,0.47,,,,,,
,4096,signature_admission_batch,,,,200.0,,,,,,,,b,latency_ecdf,479.077378,0.475,,,,,,
,4096,signature_admission_batch,,,,200.0,,,,,,,,b,latency_ecdf,479.131028,0.48,,,,,,
,4096,signature_admission_batch,,,,200.0,,,,,,,,b,latency_ecdf,479.176906,0.485,,,,,,
,4096,signature_admission_batch,,,,200.0,,,,,,,,b,latency_ecdf,479.208863,0.49,,,,,,
,4096,signature_admission_batch,,,,200.0,,,,,,,,b,latency_ecdf,479.217366,0.495,,,,,,
,4096,signature_admission_batch,,,,200.0,,,,,,,,b,latency_ecdf,479.2434,0.5,,,,,,
,4096,signature_admission_batch,,,,200.0,,,,,,,,b,latency_ecdf,479.256996,0.505,,,,,,
,4096,signature_admission_batch,,,,200.0,,,,,,,,b,latency_ecdf,479.310235,0.51,,,,,,
,4096,signature_admission_batch,,,,200.0,,,,,,,,b,latency_ecdf,479.3748,0.515,,,,,,
,4096,signature_admission_batch,,,,200.0,,,,,,,,b,latency_ecdf,479.376723,0.52,,,,,,
,4096,signature_admission_batch,,,,200.0,,,,,,,,b,latency_ecdf,479.395651,0.525,,,,,,
,4096,signature_admission_batch,,,,200.0,,,,,,,,b,latency_ecdf,479.427829,0.53,,,,,,
,4096,signature_admission_batch,,,,200.0,,,,,,,,b,latency_ecdf,479.429031,0.535,,,,,,
,4096,signature_admission_batch,,,,200.0,,,,,,,,b,latency_ecdf,479.505926,0.54,,,,,,
,4096,signature_admission_batch,,,,200.0,,,,,,,,b,latency_ecdf,479.555559,0.545,,,,,,
,4096,signature_admission_batch,,,,200.0,,,,,,,,b,latency_ecdf,479.5627,0.55,,,,,,
,4096,signature_admission_batch,,,,200.0,,,,,,,,b,latency_ecdf,479.674196,0.555,,,,,,
,4096,signature_admission_batch,,,,200.0,,,,,,,,b,latency_ecdf,479.716019,0.56,,,,,,
,4096,signature_admission_batch,,,,200.0,,,,,,,,b,latency_ecdf,479.820213,0.565,,,,,,
,4096,signature_admission_batch,,,,200.0,,,,,,,,b,latency_ecdf,479.894284,0.57,,,,,,
,4096,signature_admission_batch,,,,200.0,,,,,,,,b,latency_ecdf,479.989135,0.575,,,,,,
,4096,signature_admission_batch,,,,200.0,,,,,,,,b,latency_ecdf,480.034422,0.58,,,,,,
,4096,signature_admission_batch,,,,200.0,,,,,,,,b,latency_ecdf,480.218286,0.585,,,,,,
,4096,signature_admission_batch,,,,200.0,,,,,,,,b,latency_ecdf,480.244916,0.59,,,,,,
,4096,signature_admission_batch,,,,200.0,,,,,,,,b,latency_ecdf,480.44986,0.595,,,,,,
,4096,signature_admission_batch,,,,200.0,,,,,,,,b,latency_ecdf,480.464813,0.6,,,,,,
,4096,signature_admission_batch,,,,200.0,,,,,,,,b,latency_ecdf,480.541527,0.605,,,,,,
,4096,signature_admission_batch,,,,200.0,,,,,,,,b,latency_ecdf,480.624481,0.61,,,,,,
,4096,signature_admission_batch,,,,200.0,,,,,,,,b,latency_ecdf,480.748274,0.615,,,,,,
,4096,signature_admission_batch,,,,200.0,,,,,,,,b,latency_ecdf,480.752621,0.62,,,,,,
,4096,signature_admission_batch,,,,200.0,,,,,,,,b,latency_ecdf,480.820863,0.625,,,,,,
,4096,signature_admission_batch,,,,200.0,,,,,,,,b,latency_ecdf,480.932429,0.63,,,,,,
,4096,signature_admission_batch,,,,200.0,,,,,,,,b,latency_ecdf,481.252155,0.635,,,,,,
,4096,signature_admission_batch,,,,200.0,,,,,,,,b,latency_ecdf,481.296521,0.64,,,,,,
,4096,signature_admission_batch,,,,200.0,,,,,,,,b,latency_ecdf,481.348058,0.645,,,,,,
,4096,signature_admission_batch,,,,200.0,,,,,,,,b,latency_ecdf,481.37006,0.65,,,,,,
,4096,signature_admission_batch,,,,200.0,,,,,,,,b,latency_ecdf,481.432904,0.655,,,,,,
,4096,signature_admission_batch,,,,200.0,,,,,,,,b,latency_ecdf,481.746781,0.66,,,,,,
,4096,signature_admission_batch,,,,200.0,,,,,,,,b,latency_ecdf,481.785548,0.665,,,,,,
,4096,signature_admission_batch,,,,200.0,,,,,,,,b,latency_ecdf,481.895703,0.67,,,,,,
,4096,signature_admission_batch,,,,200.0,,,,,,,,b,latency_ecdf,481.912708,0.675,,,,,,
,4096,signature_admission_batch,,,,200.0,,,,,,,,b,latency_ecdf,482.31756,0.68,,,,,,
,4096,signature_admission_batch,,,,200.0,,,,,,,,b,latency_ecdf,482.337129,0.685,,,,,,
,4096,signature_admission_batch,,,,200.0,,,,,,,,b,latency_ecdf,482.494324,0.69,,,,,,
,4096,signature_admission_batch,,,,200.0,,,,,,,,b,latency_ecdf,482.506872,0.695,,,,,,
,4096,signature_admission_batch,,,,200.0,,,,,,,,b,latency_ecdf,482.823834,0.7,,,,,,
,4096,signature_admission_batch,,,,200.0,,,,,,,,b,latency_ecdf,483.131863,0.705,,,,,,
,4096,signature_admission_batch,,,,200.0,,,,,,,,b,latency_ecdf,483.247424,0.71,,,,,,
,4096,signature_admission_batch,,,,200.0,,,,,,,,b,latency_ecdf,483.38889,0.715,,,,,,
,4096,signature_admission_batch,,,,200.0,,,,,,,,b,latency_ecdf,483.839355,0.72,,,,,,
,4096,signature_admission_batch,,,,200.0,,,,,,,,b,latency_ecdf,483.94297,0.725,,,,,,
,4096,signature_admission_batch,,,,200.0,,,,,,,,b,latency_ecdf,484.747056,0.73,,,,,,
,4096,signature_admission_batch,,,,200.0,,,,,,,,b,latency_ecdf,485.169806,0.735,,,,,,
,4096,signature_admission_batch,,,,200.0,,,,,,,,b,latency_ecdf,485.21905,0.74,,,,,,
,4096,signature_admission_batch,,,,200.0,,,,,,,,b,latency_ecdf,485.365757,0.745,,,,,,
,4096,signature_admission_batch,,,,200.0,,,,,,,,b,latency_ecdf,486.086591,0.75,,,,,,
,4096,signature_admission_batch,,,,200.0,,,,,,,,b,latency_ecdf,486.391664,0.755,,,,,,
,4096,signature_admission_batch,,,,200.0,,,,,,,,b,latency_ecdf,489.068088,0.76,,,,,,
,4096,signature_admission_batch,,,,200.0,,,,,,,,b,latency_ecdf,489.853797,0.765,,,,,,
,4096,signature_admission_batch,,,,200.0,,,,,,,,b,latency_ecdf,491.219871,0.77,,,,,,
,4096,signature_admission_batch,,,,200.0,,,,,,,,b,latency_ecdf,492.097437,0.775,,,,,,
,4096,signature_admission_batch,,,,200.0,,,,,,,,b,latency_ecdf,492.175222,0.78,,,,,,
,4096,signature_admission_batch,,,,200.0,,,,,,,,b,latency_ecdf,492.347108,0.785,,,,,,
,4096,signature_admission_batch,,,,200.0,,,,,,,,b,latency_ecdf,492.568578,0.79,,,,,,
,4096,signature_admission_batch,,,,200.0,,,,,,,,b,latency_ecdf,492.982685,0.795,,,,,,
,4096,signature_admission_batch,,,,200.0,,,,,,,,b,latency_ecdf,494.341773,0.8,,,,,,
,4096,signature_admission_batch,,,,200.0,,,,,,,,b,latency_ecdf,496.165612,0.805,,,,,,
,4096,signature_admission_batch,,,,200.0,,,,,,,,b,latency_ecdf,497.91079,0.81,,,,,,
,4096,signature_admission_batch,,,,200.0,,,,,,,,b,latency_ecdf,498.403633,0.815,,,,,,
,4096,signature_admission_batch,,,,200.0,,,,,,,,b,latency_ecdf,500.57831,0.82,,,,,,
,4096,signature_admission_batch,,,,200.0,,,,,,,,b,latency_ecdf,501.182449,0.825,,,,,,
,4096,signature_admission_batch,,,,200.0,,,,,,,,b,latency_ecdf,501.675858,0.83,,,,,,
,4096,signature_admission_batch,,,,200.0,,,,,,,,b,latency_ecdf,501.816733,0.835,,,,,,
,4096,signature_admission_batch,,,,200.0,,,,,,,,b,latency_ecdf,502.576454,0.84,,,,,,
,4096,signature_admission_batch,,,,200.0,,,,,,,,b,latency_ecdf,503.421972,0.845,,,,,,
,4096,signature_admission_batch,,,,200.0,,,,,,,,b,latency_ecdf,507.091073,0.85,,,,,,
,4096,signature_admission_batch,,,,200.0,,,,,,,,b,latency_ecdf,508.595322,0.855,,,,,,
,4096,signature_admission_batch,,,,200.0,,,,,,,,b,latency_ecdf,509.703987,0.86,,,,,,
,4096,signature_admission_batch,,,,200.0,,,,,,,,b,latency_ecdf,509.926042,0.865,,,,,,
,4096,signature_admission_batch,,,,200.0,,,,,,,,b,latency_ecdf,512.660864,0.87,,,,,,
,4096,signature_admission_batch,,,,200.0,,,,,,,,b,latency_ecdf,512.881082,0.875,,,,,,
,4096,signature_admission_batch,,,,200.0,,,,,,,,b,latency_ecdf,514.572449,0.88,,,,,,
,4096,signature_admission_batch,,,,200.0,,,,,,,,b,latency_ecdf,516.09833,0.885,,,,,,
,4096,signature_admission_batch,,,,200.0,,,,,,,,b,latency_ecdf,517.293038,0.89,,,,,,
,4096,signature_admission_batch,,,,200.0,,,,,,,,b,latency_ecdf,517.67106,0.895,,,,,,
,4096,signature_admission_batch,,,,200.0,,,,,,,,b,latency_ecdf,519.7196,0.9,,,,,,
,4096,signature_admission_batch,,,,200.0,,,,,,,,b,latency_ecdf,521.057341,0.905,,,,,,
,4096,signature_admission_batch,,,,200.0,,,,,,,,b,latency_ecdf,522.154474,0.91,,,,,,
,4096,signature_admission_batch,,,,200.0,,,,,,,,b,latency_ecdf,522.322994,0.915,,,,,,
,4096,signature_admission_batch,,,,200.0,,,,,,,,b,latency_ecdf,522.690722,0.92,,,,,,
,4096,signature_admission_batch,,,,200.0,,,,,,,,b,latency_ecdf,523.091218,0.925,,,,,,
,4096,signature_admission_batch,,,,200.0,,,,,,,,b,latency_ecdf,524.097225,0.93,,,,,,
,4096,signature_admission_batch,,,,200.0,,,,,,,,b,latency_ecdf,524.596829,0.935,,,,,,
,4096,signature_admission_batch,,,,200.0,,,,,,,,b,latency_ecdf,524.916265,0.94,,,,,,
,4096,signature_admission_batch,,,,200.0,,,,,,,,b,latency_ecdf,526.045165,0.945,,,,,,
,4096,signature_admission_batch,,,,200.0,,,,,,,,b,latency_ecdf,527.46631,0.95,,,,,,
,4096,signature_admission_batch,,,,200.0,,,,,,,,b,latency_ecdf,529.99228,0.955,,,,,,
,4096,signature_admission_batch,,,,200.0,,,,,,,,b,latency_ecdf,531.096783,0.96,,,,,,
,4096,signature_admission_batch,,,,200.0,,,,,,,,b,latency_ecdf,531.673843,0.965,,,,,,
,4096,signature_admission_batch,,,,200.0,,,,,,,,b,latency_ecdf,533.243458,0.97,,,,,,
,4096,signature_admission_batch,,,,200.0,,,,,,,,b,latency_ecdf,533.632167,0.975,,,,,,
,4096,signature_admission_batch,,,,200.0,,,,,,,,b,latency_ecdf,535.656159,0.98,,,,,,
,4096,signature_admission_batch,,,,200.0,,,,,,,,b,latency_ecdf,540.975026,0.985,,,,,,
,4096,signature_admission_batch,,,,200.0,,,,,,,,b,latency_ecdf,542.303363,0.99,,,,,,
,4096,signature_admission_batch,,,,200.0,,,,,,,,b,latency_ecdf,545.760759,0.995,,,,,,
,4096,signature_admission_batch,,,,200.0,,,,,,,,b,latency_ecdf,547.881066,1.0,,,,,,
,16,,,,,200.0,,,,,,,8475.543143595802,c,signature_admission_throughput,,,7705.939736610764,8667.798650290519,,,,
,64,,,,,200.0,,,,,,,8643.649349527597,c,signature_admission_throughput,,,8599.261302200148,8659.813079381835,,,,
,256,,,,,200.0,,,,,,,8595.765093473517,c,signature_admission_throughput,,,8519.540424118863,8628.347037264995,,,,
,1024,,,,,200.0,,,,,,,8554.059517901707,c,signature_admission_throughput,,,8225.071112064728,8587.410550717763,,,,
,2048,,,,,200.0,,,,,,,8551.201413229803,c,signature_admission_throughput,,,8394.71456016614,8593.780294252703,,,,
,4096,,,,,200.0,,,,,,,8546.68400329828,c,signature_admission_throughput,,,8425.160878476707,8583.155800838338,,,,
,16,,,,,,,,,,,,,d,ledger_model,,,,,raw records,6144.0,384 B encoded event+signature per record,
,16,,,,,,,,,,,,,d,ledger_model,,,,,hash per record,768.0,32 B digest+16 B key/index per record,
,16,,,,,,,,,,,,,d,ledger_model,,,,,TARMS anchor,612.0,"UTF-8 steady-state anchor JSON+latest-pointer JSON; includes nonempty prevAid, uriHash, and latest root",1.0
,64,,,,,,,,,,,,,d,ledger_model,,,,,raw records,24576.0,384 B encoded event+signature per record,
,64,,,,,,,,,,,,,d,ledger_model,,,,,hash per record,3072.0,32 B digest+16 B key/index per record,
,64,,,,,,,,,,,,,d,ledger_model,,,,,TARMS anchor,612.0,"UTF-8 steady-state anchor JSON+latest-pointer JSON; includes nonempty prevAid, uriHash, and latest root",1.0
,256,,,,,,,,,,,,,d,ledger_model,,,,,raw records,98304.0,384 B encoded event+signature per record,
,256,,,,,,,,,,,,,d,ledger_model,,,,,hash per record,12288.0,32 B digest+16 B key/index per record,
,256,,,,,,,,,,,,,d,ledger_model,,,,,TARMS anchor,613.0,"UTF-8 steady-state anchor JSON+latest-pointer JSON; includes nonempty prevAid, uriHash, and latest root",1.0
,1024,,,,,,,,,,,,,d,ledger_model,,,,,raw records,393216.0,384 B encoded event+signature per record,
,1024,,,,,,,,,,,,,d,ledger_model,,,,,hash per record,49152.0,32 B digest+16 B key/index per record,
,1024,,,,,,,,,,,,,d,ledger_model,,,,,TARMS anchor,614.0,"UTF-8 steady-state anchor JSON+latest-pointer JSON; includes nonempty prevAid, uriHash, and latest root",1.0
,2048,,,,,,,,,,,,,d,ledger_model,,,,,raw records,786432.0,384 B encoded event+signature per record,
,2048,,,,,,,,,,,,,d,ledger_model,,,,,hash per record,98304.0,32 B digest+16 B key/index per record,
,2048,,,,,,,,,,,,,d,ledger_model,,,,,TARMS anchor,614.0,"UTF-8 steady-state anchor JSON+latest-pointer JSON; includes nonempty prevAid, uriHash, and latest root",1.0
,4096,,,,,,,,,,,,,d,ledger_model,,,,,raw records,1572864.0,384 B encoded event+signature per record,
,4096,,,,,,,,,,,,,d,ledger_model,,,,,hash per record,196608.0,32 B digest+16 B key/index per record,
,4096,,,,,,,,,,,,,d,ledger_model,,,,,TARMS anchor,614.0,"UTF-8 steady-state anchor JSON+latest-pointer JSON; includes nonempty prevAid, uriHash, and latest root",1.0
