run_id,batch_size,stage,record_count,late_count,provenance,n,median_ms,q1_ms,q3_ms,p95_ms,ci_low_ms,ci_high_ms,median_records_s
python-20260723T020649Z,16,late_rebuild,16,1,measured,200,0.040891,0.03742075,0.04664925,0.06986559999999999,0.03940875,0.042243,391284.1456555232
python-20260723T020649Z,16,merkle_build,16,1,measured,200,0.017100999999999998,0.015556249999999999,0.021627,0.030030499999999995,0.016675,0.017577,935619.7996977031
python-20260723T020649Z,16,proof_verify,16,1,measured,200,0.012584000000000001,0.010446,0.016645,0.025522499999999997,0.0119125,0.013490249999999999,1271457.6234478955
python-20260723T020649Z,16,sign_batch,16,1,measured,200,0.6056065,0.585301,0.65517725,0.76983055,0.600854,0.6109852625000001,26419.79791113835
python-20260723T020649Z,16,signature_admission_batch,16,1,measured,200,1.887785,1.84591275,2.0763255,2.3923813999999997,1.872517,1.9043695,8475.543143595802
python-20260723T020649Z,16,verify_batch,16,1,measured,200,1.7875455,1.7554305,1.995951,2.2404196,1.775292,1.8095729999999999,8950.821390801178
python-20260723T020649Z,64,late_rebuild,64,2,measured,200,0.119453,0.11684625,0.12299575,0.14010554999999997,0.118786,0.1200685,535775.6905884241
python-20260723T020649Z,64,merkle_build,64,2,measured,200,0.055633,0.052961499999999995,0.057970999999999995,0.06775705,0.05513665,0.055974,1150396.38466074
python-20260723T020649Z,64,proof_verify,64,2,measured,200,0.014036,0.01268875,0.015899,0.019951999999999998,0.013694399999999999,0.014612487499999997,4559704.197880109
python-20260723T020649Z,64,sign_batch,64,2,measured,200,2.351019,2.3443692499999997,2.3633422499999996,2.4304786999999997,2.349066,2.3528215,27222.238529178863
python-20260723T020649Z,64,signature_admission_batch,64,2,measured,200,7.40428,7.39045975,7.44249975,7.667552949999999,7.4003145,7.411136137500001,8643.649349527597
python-20260723T020649Z,64,verify_batch,64,2,measured,200,7.018561500000001,7.00500825,7.05457275,7.2877662,7.01519325,7.024775,9118.677668826007
python-20260723T020649Z,256,late_rebuild,256,8,measured,200,0.4461845,0.43588625000000003,0.46183250000000003,0.5214835999999999,0.443345,0.450241,573753.7244609678
python-20260723T020649Z,256,merkle_build,256,8,measured,200,0.2160465,0.2075495,0.224414,0.25215609999999994,0.21478,0.2179495,1184930.9696145467
python-20260723T020649Z,256,proof_verify,256,8,measured,200,0.024582,0.0203875,0.030045,0.0456315,0.022854,0.0262498625,10414279.695859421
python-20260723T020649Z,256,sign_batch,256,8,measured,200,9.4187685,9.392194,9.4907665,10.65262155,9.410907,9.4378475,27179.774099752663
python-20260723T020649Z,256,signature_admission_batch,256,8,measured,200,29.782107500000002,29.66964575,30.04856925,33.03999755,29.737581,29.817811875,8595.765093473517
python-20260723T020649Z,256,verify_batch,256,8,measured,200,28.242911499999998,28.15318325,28.45657475,30.900200849999997,28.2162446375,28.270828,9064.221352726549
python-20260723T020649Z,1024,late_rebuild,1024,32,measured,200,1.7351625,1.7123994999999999,1.7643985,2.28008435,1.7284275,1.740666,590146.4624096449
python-20260723T020649Z,1024,merkle_build,1024,32,measured,200,0.842354,0.82945475,0.868723,1.17529705,0.836931,0.848753,1215640.943937458
python-20260723T020649Z,1024,proof_verify,1024,32,measured,200,0.0373955,0.0299015,0.046519000000000005,0.05956909999999999,0.035513,0.03974975,27383006.005527176
python-20260723T020649Z,1024,sign_batch,1024,32,measured,200,37.911582499999994,37.72626425,38.779874250000006,44.1095024,37.863106875,37.974306,27010.21518109939
python-20260723T020649Z,1024,signature_admission_batch,1024,32,measured,200,119.7092445,119.244328,124.49769500000001,134.1614181,119.55019300000001,119.85338999999999,8554.059517901707
python-20260723T020649Z,1024,verify_batch,1024,32,measured,200,113.51920150000001,113.074855,116.38071049999999,126.91155110000001,113.34119150000001,113.735123,9020.500378246132
python-20260723T020649Z,2048,late_rebuild,2048,64,measured,200,3.4320234999999997,3.4071235,3.50132875,4.2336132499999986,3.422746125,3.442844,596732.5113943699
python-20260723T020649Z,2048,merkle_build,2048,64,measured,200,1.6741865,1.64668825,1.71235875,2.1354023499999992,1.6652173749999999,1.6832827625,1223280.683090798
python-20260723T020649Z,2048,proof_verify,2048,64,measured,200,0.0418825,0.0322555,0.05189225,0.05763304999999999,0.04008,0.045367,48900898.10724622
python-20260723T020649Z,2048,sign_batch,2048,64,measured,200,75.81934949999999,75.44847775,77.14585325,84.58564335,75.71045000000001,75.9370695,27011.574442978177
python-20260723T020649Z,2048,signature_admission_batch,2048,64,measured,200,239.4985145,238.31189025,243.96325925,264.9727032,238.947018,239.90951,8551.201413229803
python-20260723T020649Z,2048,verify_batch,2048,64,measured,200,226.962345,225.7691715,231.99284325000002,248.78643115,226.601994,227.5214323875,9023.523271433067
python-20260723T020649Z,4096,late_rebuild,4096,128,measured,200,6.854202,6.8032065,6.94076025,8.27147825,6.839488125,6.872139,597589.6247107773
python-20260723T020649Z,4096,merkle_build,4096,128,measured,200,3.3313635,3.3098965,3.394297,3.9812182499999995,3.323998,3.341944,1229526.629355956
python-20260723T020649Z,4096,proof_verify,4096,128,measured,200,0.042839,0.03414525,0.0539425,0.05823759999999998,0.0403,0.044926999999999995,95614280.05558345
python-20260723T020649Z,4096,sign_batch,4096,128,measured,200,151.4544095,150.881659,153.39637475,167.20478235,151.308813,151.7558635,27044.442213642258
python-20260723T020649Z,4096,signature_admission_batch,4096,128,measured,200,479.250198,477.2137545,486.16285925,527.5926085,478.513784,479.9417095,8546.68400329828
python-20260723T020649Z,4096,verify_batch,4096,128,measured,200,453.9405945,452.3657675,458.74454199999997,497.60774334999996,453.3080125,454.54754249999996,9023.207184356357
